Invoice ID ,BRANCH,City,customer type,Gender  ,Product Line,Unit Price (GHS),Quantity,Tax 5%,Total,Date,Payment,cogs,gross margin percentage,gross income,Rating
658-21-7912,C,Naypyitaw,Member,Male,Sports and travel,34.75 GHS,4.0,6.95,145.95,3/24/2019,Cash,139.0,4.761904762,6.95,4.8
818-79-7873,A,Yangon,Member,Male,Electronic accessories,30.94 GHS,10.0,15.47,,"March 21, 2019",Cash,309.4,4.761904762,15.47,4.2
320-53-2674,A,Yangon,,FEMALE,Food and beverages,78.29 GHS,3.0,11.7435,246.61,2/5/2019,Ewallet,234.87,4.761904762,11.7435,8.2
649-25-7201,A,Yangon,Normal,Male,Fashion accessories,86.27 GHS,10.0,43.135,905.83,"March 15, 2019",Cash,862.7,4.761904762,43.135,5.6
975-39-2654,A,Yangon,Normal,,Home and lifestyle,27.31 GHS,2.0,2.731,57.35,"February 3, 2019",Cash,54.62,4.761904762,2.731,4.3
818-97-2169,B,Mandalay,Normal,Female,Sports and travel,85.07 GHS,3.0,12.7605,267.97,3/9/2019,Cash,255.21,4.761904762,12.7605,6.2
324-97-6313,C,Naypyitaw,Member,Male,Electronic accessories,51.6 GHS,5.0,12.9,270.9,3/18/2019,Credit card,258.0,4.761904762,12.9,9.9
317-93-9179,A,Yangon,Member,Male,Fashion accessories,46.1 GHS,2.0,4.61,96.81,3/11/2019,Credit card,92.2,4.761904762,4.61,5.3
697-61-6930,B,Mandalay,normal,Male,Fashion accessories,22.57 GHS,9.0,10.1565,,3/14/2019,Credit card,203.13,4.761904762,10.1565,7.2
710-18-7304,A,Yangon,Member,Female,Food and beverages,78.02 GHS,2.0,7.802,163.84,3/14/2019,Cash,156.04,4.761904762,7.802,4.9
868-44-6573,B,Mandalay,Normal,FEMALE,Home and lifestyle,87.47 GHS,1.0,4.3735,91.84,3/18/2019,Cash,87.47,4.761904762,4.3735,8.1
991-90-5889,A,Yangon,Normal,,Electronic accessories,50.84 GHS,-1.0,12.71,266.91,3/4/2019,Cash,254.2,4.761904762,12.71,9.8
431-72-1319,C,Naypyitaw,Member,Male,Fashion accessories,78.63 GHS,9.0,35.3835,,1/20/2019,Credit card,707.67,4.761904762,35.3835,9.7
935-18-9727,A,Yangon,Normal,Female,Electronic accessories,15.21 GHS,10.0,7.605,159.71,3/16/2019,Cash,152.1,4.761904762,7.605,9.7
873-98-4295,A,Yangon,member,Female,Home and lifestyle,24.86 GHS,9.0,11.187,234.93,1/18/2019,Ewallet,223.74,4.761904762,11.187,9.2
330-18-6539,C,Naypyitaw,,Female,Sports and travel,68.49 GHS,8.0,27.396,,1/8/2019,Ewallet,547.92,4.761904762,27.396,9.4
626-40-5562,A,Yangon,Member,Male,Food and beverages,16.39 GHS,1.0,0.8195,17.21,2/3/2019,Cash,16.39,4.761904762,0.8195,5.4
516-34-2545,C,Naypyitaw,,Male,Home and lifestyle,21.91 GHS,10.0,10.955,230.06,2/26/2019,Cash,219.1,4.761904762,10.955,7.5
512-53-2790,A,Yangon,Normal,Female,Health and beauty,47.0 GHS,1.0,2.35,49.35,1/2/2019,Credit card,47.0,4.761904762,2.35,8.0
177-66-2604,A,Yangon,Member,Male,Home and lifestyle,50.38 GHS,-2.0,17.633,,1/28/2019,Ewallet,352.66,4.761904762,17.633,5.1
488-10-7396,A,Yangon,member,Male,Electronic accessories,24.97 GHS,8.0,9.988,209.75,"January 6, 2019",Ewallet,199.76,4.761904762,9.988,6.9
403-37-1958,B,Mandalay,Normal,FEMALE,Health and beauty,72.69 GHS,9.0,32.7105,686.92,1/7/2019,Ewallet,654.21,4.761904762,32.7105,8.0
620-20-4044,C,Naypyitaw,Member,Female,Food and beverages,14.51 GHS,8.0,5.804,121.88,1/2/2019,Credit card,116.08,4.761904762,5.804,7.0
183-63-9565,A,Yangon,member,Male,Health and beauty,20.79 GHS,10.0,10.395,218.29,1/20/2019,Credit card,207.9,4.761904762,10.395,5.5
407-68-6180,B,Mandalay,Normal,MALE,Sports and travel,74.46 GHS,4.0,14.892,312.73,"March 21, 2019",Cash,297.84,4.761904762,14.892,5.6
235-54-2127,,Yangon,Member,Female,Home and lifestyle,99.86 GHS,2.0,9.986,209.71,3/9/2019,Cash,199.72,4.761904762,9.986,4.4
108-95-5905,A,Yangon,Normal,Female,Electronic accessories,49.44 GHS,9.0,22.248,467.21,3/17/2019,Credit card,444.96,4.761904762,22.248,8.2
719-36-6617,C,Naypyitaw,Member,Male,Fashion accessories,20.39 GHS,2.0,2.039,42.82,"February 10, 2019",Cash,40.78,4.761904762,2.039,8.5
103-52-3143,A,Yangon,Normal,Female,Fashion accessories,91.48 GHS,1.0,4.574,96.05,2/2/2019,Ewallet,91.48,4.761904762,4.574,4.6
252-79-1590,C,Naypyitaw,Normal,Male,Sports and travel,49.77 GHS,7.0,17.4195,365.81,1/23/2019,Cash,348.39,4.761904762,17.4195,7.4
798-41-2684,B,Mandalay,Member,Female,Electronic accessories,13.76 GHS,6.0,4.128,86.69,2/7/2019,Cash,82.56,4.761904762,4.128,9.4
440-62-5065,B,Mandalay,Normal,Male,Electronic accessories,87.81 GHS,3.0,13.1715,276.6,1/24/2019,Cash,263.43,4.761904762,13.1715,9.3
940-39-4652,B,Mandalay,Member,Male,Health and beauty,88.5 GHS,8.0,35.4,743.4,2/10/2019,Ewallet,708.0,4.761904762,35.4,5.3
621-61-9785,A,Yangon,Member,Female,Fashion accessories,35.07 GHS,2.0,3.507,73.65,2/21/2019,Ewallet,70.14,4.761904762,3.507,9.8
846-50-8149,B,Mandalay,Member,Male,Fashion accessories,26.07 GHS,5.0,6.5175,136.87,2/12/2019,Credit card,130.35,4.761904762,6.5175,4.2
651-97-4228,C,Naypyitaw,,Female,Home and lifestyle,27.11 GHS,1.0,1.3555,,3/26/2019,Cash,27.11,4.761904762,1.3555,8.3
619-49-7691,B,Mandalay,Normal,Male,Sports and travel,92.87 GHS,10.0,46.435,975.13,3/10/2019,Cash,928.7,4.761904762,46.435,5.9
278-88-5930,B,Mandalay,Normal,,Home and lifestyle,21.46 GHS,7.0,7.511,157.73,3/24/2019,Ewallet,150.22,4.761904762,7.511,8.0
552-96-4501,B,Mandalay,,Female,Fashion accessories,28.92 GHS,10.0,14.46,303.66,"February 15, 2019",Ewallet,289.2,4.761904762,14.46,7.6
938-40-6085,C,Naypyitaw,Normal,Male,Sports and travel,17.63 GHS,9.0,7.9335,166.6,2/3/2019,Credit card,158.67,4.761904762,7.9335,
744-83-4185,A,Yangon,Member,Male,Food and beverages,14.16 GHS,8.0,5.664,118.94,2/14/2019,Cash,113.28,4.761904762,5.664,7.7
280-99-9486,C,Naypyitaw,Normal,Female,Health and beauty,31.96 GHS,1.0,1.598,33.56,2/8/2019,Cash,31.96,4.761904762,1.598,9.4
873-66-9270,B,Mandalay,Member,Male,Food and beverages,51.08 GHS,8.0,20.432,429.07,3/11/2019,Credit card,408.64,4.761904762,20.432,8.0
884-76-8939,B,Mandalay,Normal,MALE,Sports and travel,87.53 GHS,8.0,35.012,,3/9/2019,Cash,700.24,4.761904762,35.012,5.6
182-27-3471,C,Naypyitaw,Member,Female,Health and beauty,16.97 GHS,5.0,4.2425,89.09,2/18/2019,Ewallet,84.85,4.761904762,4.2425,5.4
163-36-7883,A,Yangon,Normal,Male,Sports and travel,29.26 GHS,7.0,10.241,215.06,"February 14, 2019",Credit card,204.82,4.761904762,10.241,6.4
865-79-4613,B,Mandalay,Member,Female,Health and beauty,10.53 GHS,6.0,3.159,66.34,2/18/2019,Ewallet,63.18,4.761904762,3.159,5.8
269-69-3091,B,Mandalay,Member,Female,Health and beauty,53.71 GHS,7.0,18.7985,,2/24/2019,Credit card,375.97,4.761904762,18.7985,6.0
572-33-1823,C,Naypyitaw,Member,Female,Home and lifestyle,60.8 GHS,1.0,3.04,63.84,1/28/2019,Ewallet,60.8,4.761904762,3.04,4.5
951-63-5133,B,Mandalay,Normal,Female,Electronic accessories,50.92 GHS,6.0,15.276,320.8,"February 25, 2019",Ewallet,305.52,4.761904762,15.276,8.6
872-13-5051,A,Yangon,Normal,Male,Sports and travel,58.55 GHS,6.0,17.565,368.86,3/2/2019,Cash,351.3,4.761904762,17.565,
362-57-3749,A,Yangon,Member,Male,Electronic accessories,21.36 GHS,2.0,2.136,44.86,2/23/2019,Cash,42.72,4.761904762,2.136,7.4
506-35-2245,C,Naypyitaw,Member,Male,Fashion accessories,19.73 GHS,1.0,0.9865,20.72,3/13/2019,Credit card,19.73,4.761904762,0.9865,9.6
645-64-7071,C,Naypyitaw,Member,Male,Sports and travel,79.52 GHS,10.0,39.76,834.96,1/12/2019,Credit card,795.2,4.761904762,39.76,8.8
570-29-8135,A,Yangon,Normal,MALE,Health and beauty,84.01 GHS,2.0,8.401,176.42,3/27/2019,Ewallet,168.02,4.761904762,8.401,6.6
561-41-8613,A,Yangon,,Female,Health and beauty,49.2 GHS,10.0,24.6,516.6,1/9/2019,Cash,492.0,4.761904762,24.6,5.6
364-53-5581,C,Naypyitaw,Normal,,Food and beverages,54.49 GHS,6.0,16.347,343.29,2/26/2019,Cash,326.94,4.761904762,16.347,5.1
876-40-8800,C,Naypyitaw,Normal,Male,Home and lifestyle,95.33 GHS,2.0,9.533,200.19,"February 18, 2019",Ewallet,190.66,4.761904762,9.533,5.4
695-57-8753,C,Naypyitaw,Normal,FEMALE,Food and beverages,18.37 GHS,4.0,3.674,77.15,2/22/2019,Cash,73.48,4.761904762,3.674,
336-25-4155,C,Naypyitaw,,Female,Sports and travel,59.53 GHS,6.0,17.859,375.04,2/9/2019,Ewallet,357.18,4.761904762,17.859,8.2
389-22-4180,B,Mandalay,Member,Male,Electronic accessories,29.47 GHS,8.0,11.788,247.55,3/20/2019,Credit card,235.76,4.761904762,11.788,5.7
399-99-3068,B,Mandalay,Member,Female,Electronic accessories,37.2 GHS,9.0,16.74,351.54,"January 18, 2019",Cash,334.8,4.761904762,16.74,4.8
358-71-2869,C,Naypyitaw,Normal,Male,Food and beverages,61.67 GHS,8.0,24.668,518.03,"January 2, 2019",Ewallet,493.36,4.761904762,24.668,
354-25-7818,A,Yangon,Normal,Female,Food and beverages,61.93 GHS,1.0,3.0965,65.03,2/3/2019,Credit card,61.93,4.761904762,3.0965,4.9
735-17-2625,C,Naypyitaw,Member,Female,Health and beauty,91.77 GHS,5.0,22.9425,481.79,"February 19, 2019",Ewallet,458.85,4.761904762,22.9425,9.2
518-67-8699,A,Yangon,Member,Female,Sports and travel,17.31 GHS,4.0,3.462,72.7,1/1/2019,Cash,69.24,4.761904762,3.462,
910-90-4241,,Mandalay,Member,,Fashion accessories,73.63 GHS,8.0,29.452,618.49,2/26/2019,Cash,589.04,4.761904762,29.452,4.4
911-49-5728,B,Mandalay,Member,Male,Sports and travel,23.41 GHS,5.0,5.8525,122.9,1/6/2019,Cash,117.05,4.761904762,5.8525,9.0
548-20-1653,B,Mandalay,Member,Female,Sports and travel,37.37 GHS,7.0,13.0795,274.67,"March 16, 2019",Credit card,261.59,4.761904762,13.0795,9.7
375-83-1659,B,Mandalay,Normal,Female,Food and beverages,18.22 GHS,-5.0,9.11,191.31,3/27/2019,Cash,182.2,4.761904762,9.11,7.5
456-62-6460,A,Yangon,Normal,Female,Fashion accessories,26.33 GHS,10.0,13.165,276.46,"January 16, 2019",Ewallet,263.3,4.761904762,13.165,6.6
565-21-6153,B,Mandalay,Member,Male,Fashion accessories,47.05 GHS,8.0,18.82,395.22,3/2/2019,Ewallet,376.4,4.761904762,18.82,5.7
155-34-9494,,Mandalay,Normal,Male,Health and beauty,87.84 GHS,1.0,4.392,92.23,2/14/2019,Credit card,87.84,4.761904762,4.392,7.9
596-25-1472,B,Mandalay,Normal,Female,Food and beverages,28.32 GHS,9.0,12.744,267.62,"February 23, 2019",Ewallet,254.88,4.761904762,12.744,4.8
220-92-3522,C,Naypyitaw,Member,Male,Fashion accessories,59.58 GHS,9.0,26.811,563.03,1/15/2019,Cash,536.22,4.761904762,26.811,6.4
295-86-9327,B,Mandalay,Normal,Female,Health and beauty,85.13 GHS,8.0,34.052,715.09,1/13/2019,Credit card,681.04,4.761904762,34.052,
102-46-5891,C,Naypyitaw,member,Male,Fashion accessories,79.54 GHS,7.0,27.839,584.62,2/27/2019,Credit card,556.78,4.761904762,27.839,6.0
429-34-4912,C,Naypyitaw,Normal,Male,Health and beauty,58.47 GHS,6.0,17.541,368.36,2/15/2019,Credit card,350.82,4.761904762,17.541,6.0
911-93-3492,,Naypyitaw,Normal,Male,Health and beauty,13.93 GHS,8.0,5.572,117.01,2/22/2019,Ewallet,111.44,4.761904762,5.572,8.2
567-11-3361,B,Mandalay,Member,Male,Home and lifestyle,96.88 GHS,6.0,29.064,610.34,1/17/2019,Ewallet,581.28,4.761904762,29.064,9.2
182-52-9742,B,Mandalay,Member,,Health and beauty,80.34 GHS,5.0,20.085,421.79,2/21/2019,Credit card,401.7,4.761904762,20.085,6.0
864-21-8110,,Mandalay,Normal,Female,Home and lifestyle,13.23 GHS,2.0,1.323,27.78,2/8/2019,Credit card,26.46,4.761904762,1.323,5.4
483-65-3385,,Yangon,Member,Female,Electronic accessories,72.46 GHS,1.0,3.623,76.08,2/12/2019,Cash,72.46,4.761904762,3.623,4.3
609-84-3344,A,Yangon,Normal,Male,Electronic accessories,25.76 GHS,10.0,12.88,270.48,3/8/2019,Credit card,257.6,4.761904762,12.88,9.2
659-30-2210,A,Yangon,Normal,FEMALE,Health and beauty,32.98 GHS,1.0,1.649,34.63,2/22/2019,Ewallet,32.98,4.761904762,1.649,
973-71-2747,B,Mandalay,Normal,Female,Sports and travel,96.58 GHS,5.0,24.145,507.04,1/13/2019,Ewallet,482.9,4.761904762,24.145,6.7
108-82-1803,A,Yangon,Normal,Female,Home and lifestyle,36.63 GHS,5.0,9.1575,192.31,2/9/2019,Credit card,183.15,4.761904762,9.1575,
794-94-3240,C,Naypyitaw,Normal,Female,Electronic accessories,64.64 GHS,6.0,19.392,407.23,3/9/2019,Cash,387.84,4.761904762,19.392,5.3
402-51-7807,C,Naypyitaw,Member,Male,Fashion accessories,80.97 GHS,1.0,4.0485,85.02,1/3/2019,Credit card,80.97,4.761904762,4.0485,7.5
944-71-5835,A,Yangon,Member,Male,Home and lifestyle,88.88 GHS,6.0,26.664,559.94,1/9/2019,Ewallet,533.28,4.761904762,26.664,7.2
790-60-6992,C,Naypyitaw,Normal,Male,Health and beauty,96.66 GHS,3.0,14.499,,"March 24, 2019",Cash,289.98,4.761904762,14.499,8.5
698-58-7086,,Yangon,Normal,Male,Fashion accessories,58.29 GHS,8.0,23.316,489.64,3/9/2019,Credit card,466.32,4.761904762,23.316,6.2
164-91-8606,,Yangon,Member,Female,Food and beverages,65.76 GHS,9.0,29.592,621.43,1/21/2019,Credit card,591.84,4.761904762,29.592,6.0
340-78-3222,C,Naypyitaw,Normal,Female,Food and beverages,22.58 GHS,1.0,1.129,23.71,1/4/2019,Ewallet,22.58,4.761904762,1.129,5.8
524-93-2622,B,Mandalay,Normal,,Sports and travel,95.44 GHS,9.0,42.948,901.91,3/5/2019,Credit card,858.96,4.761904762,42.948,6.5
802-57-9920,B,Mandalay,,Female,Food and beverages,72.13 GHS,4.0,14.426,302.95,"February 4, 2019",Cash,288.52,4.761904762,14.426,6.7
317-92-1349,C,Naypyitaw,normal,Male,Health and beauty,34.83 GHS,2.0,3.483,73.14,1/22/2019,Ewallet,69.66,4.761904762,3.483,9.7
321-39-6383,,Yangon,normal,Male,Electronic accessories,80.83 GHS,4.0,16.166,339.49,1/19/2019,Credit card,323.32,4.761904762,16.166,
987-13-3159,A,Yangon,Member,Female,Electronic accessories,98.88 GHS,9.0,44.496,934.42,1/22/2019,Cash,889.92,4.761904762,44.496,5.5
638-24-2041,A,Yangon,Normal,Male,Home and lifestyle,39.14 GHS,3.0,5.871,123.29,3/14/2019,Cash,117.42,4.761904762,5.871,5.6
902-94-9543,B,Mandalay,Normal,Female,Home and lifestyle,63.43 GHS,8.0,25.372,532.81,1/24/2019,Credit card,507.44,4.761904762,25.372,7.0
554-19-2323,B,Mandalay,Normal,Male,Food and beverages,99.87 GHS,7.0,34.9545,734.04,"February 23, 2019",Cash,699.09,4.761904762,34.9545,6.6
643-47-8433,B,Mandalay,Member,Male,Electronic accessories,34.75 GHS,10.0,17.375,364.88,2/20/2019,Ewallet,347.5,4.761904762,17.375,7.3
333-62-6553,C,Naypyitaw,normal,Male,Sports and travel,20.3 GHS,9.0,9.135,191.84,"February 15, 2019",Cash,182.7,4.761904762,9.135,8.3
803-70-2099,B,Mandalay,Normal,Female,Sports and travel,18.56 GHS,7.0,6.496,136.42,2/5/2019,Ewallet,129.92,4.761904762,6.496,5.9
675-81-6400,A,Yangon,Member,,Health and beauty,18.69 GHS,6.0,5.607,117.75,"January 19, 2019",Credit card,112.14,4.761904762,5.607,8.9
714-49-6761,C,Naypyitaw,Member,Female,Fashion accessories,88.62 GHS,7.0,31.017,651.36,1/10/2019,Credit card,620.34,4.761904762,31.017,9.2
880-45-4705,A,Yangon,Member,Male,Sports and travel,53.4 GHS,2.0,5.34,112.14,2/4/2019,Credit card,106.8,4.761904762,5.34,6.1
990-28-7566,B,Mandalay,Member,Female,Food and beverages,26.24 GHS,5.0,6.56,137.76,1/6/2019,Ewallet,131.2,4.761904762,6.56,9.5
478-49-6314,A,Yangon,Member,Male,Food and beverages,77.15 GHS,4.0,15.43,324.03,2/6/2019,Ewallet,308.6,4.761904762,15.43,6.3
777-64-8957,C,Naypyitaw,Member,Male,Electronic accessories,24.17 GHS,10.0,12.085,253.79,"February 15, 2019",Cash,241.7,4.761904762,12.085,4.3
794-96-8972,C,Naypyitaw,Normal,FEMALE,Fashion accessories,29.4 GHS,9.0,13.23,277.83,1/10/2019,Ewallet,264.6,4.761904762,13.23,4.7
885-27-5186,C,Naypyitaw,Normal,Male,Electronic accessories,45.57 GHS,10.0,22.785,478.49,2/7/2019,Cash,455.7,4.761904762,22.785,4.3
335-74-6802,B,Mandalay,Normal,Male,Food and beverages,54.76 GHS,7.0,19.166,402.49,3/23/2019,Ewallet,383.32,4.761904762,19.166,5.1
514-91-7843,A,Yangon,Normal,Male,Health and beauty,11.69 GHS,2.0,1.169,24.55,2/19/2019,Credit card,23.38,4.761904762,1.169,9.2
806-56-2443,B,Mandalay,Member,Female,Food and beverages,96.96 GHS,3.0,14.544,305.42,2/27/2019,Credit card,290.88,4.761904762,14.544,8.8
326-52-3754,B,Mandalay,,Male,Health and beauty,63.0 GHS,9.0,28.35,595.35,3/11/2019,Ewallet,567.0,4.761904762,28.35,4.5
277-87-3504,A,Yangon,Member,Male,Fashion accessories,41.6 GHS,3.0,6.24,,"February 7, 2019",Cash,124.8,4.761904762,6.24,5.4
758-91-6295,C,Naypyitaw,Member,Male,Sports and travel,54.47 GHS,10.0,27.235,571.94,3/19/2019,Ewallet,544.7,4.761904762,27.235,8.6
460-74-2215,,Naypyitaw,Normal,Male,Health and beauty,16.15 GHS,8.0,6.46,135.66,3/2/2019,Ewallet,129.2,4.761904762,6.46,7.8
619-59-8581,,Mandalay,Normal,Female,Food and beverages,15.12 GHS,5.0,3.78,79.38,3/20/2019,Cash,75.6,4.761904762,3.78,4.5
561-23-6626,C,Naypyitaw,member,Female,Home and lifestyle,68.67 GHS,-5.0,20.601,432.62,1/2/2019,Credit card,412.02,4.761904762,20.601,7.6
262-56-7108,C,Naypyitaw,Member,Male,Food and beverages,32.3 GHS,8.0,12.92,271.32,3/20/2019,Credit card,258.4,4.761904762,12.92,9.9
437-22-7333,B,Mandalay,Normal,Female,Fashion accessories,71.1 GHS,1.0,3.555,74.66,"February 3, 2019",Credit card,71.1,4.761904762,3.555,8.7
778-60-3112,B,Mandalay,Normal,Male,Fashion accessories,17.34 GHS,3.0,2.601,54.62,"March 23, 2019",Ewallet,52.02,4.761904762,2.601,9.5
856-97-9624,C,Naypyitaw,Member,Female,Home and lifestyle,43.9 GHS,6.0,13.17,,3/27/2019,Credit card,263.4,4.761904762,13.17,
331-27-3538,A,Yangon,Normal,Female,Food and beverages,42.63 GHS,3.0,6.3945,134.28,2/7/2019,Ewallet,127.89,4.761904762,6.3945,9.7
711-58-3527,,Yangon,Normal,MALE,Home and lifestyle,79.38 GHS,9.0,35.721,750.14,3/5/2019,Ewallet,714.42,4.761904762,35.721,
725-46-8355,A,Yangon,Member,Male,Sports and travel,49.39 GHS,7.0,17.2865,363.02,"January 15, 2019",Credit card,345.73,4.761904762,17.2865,6.2
887-46-7256,A,Yangon,,Female,Health and beauty,91.36 GHS,4.0,18.272,383.71,2/15/2019,Credit card,365.44,4.761904762,18.272,6.2
995-57-2680,C,Naypyitaw,Normal,Male,Electronic accessories,82.11 GHS,3.0,12.3165,258.65,3/16/2019,Cash,246.33,4.761904762,12.3165,9.2
547-21-4637,,Naypyitaw,Member,Female,Food and beverages,78.68 GHS,5.0,19.67,413.07,1/27/2019,Credit card,393.4,4.761904762,19.67,6.7
329-13-6221,B,Mandalay,Normal,Male,Health and beauty,14.79 GHS,9.0,6.6555,139.77,1/12/2019,Ewallet,133.11,4.761904762,6.6555,6.2
559-88-1086,A,Yangon,Normal,Male,Electronic accessories,13.45 GHS,8.0,5.38,112.98,3/16/2019,Cash,107.6,4.761904762,5.38,8.2
213-46-4893,A,Yangon,Member,Female,Electronic accessories,85.15 GHS,9.0,38.3175,,"March 14, 2019",Credit card,766.35,4.761904762,38.3175,9.6
648-12-9443,B,Mandalay,Member,MALE,Electronic accessories,47.78 GHS,10.0,23.89,501.69,"February 20, 2019",Cash,477.8,4.761904762,23.89,6.7
780-95-2402,,Naypyitaw,Member,Male,Fashion accessories,48.63 GHS,10.0,24.315,510.62,"February 6, 2019",Credit card,486.3,4.761904762,24.315,6.1
750-59-7116,C,Naypyitaw,Normal,Male,Home and lifestyle,58.97 GHS,9.0,26.5365,557.27,"February 2, 2019",Ewallet,530.73,4.761904762,26.5365,7.3
145-55-9945,B,Mandalay,Member,Female,Food and beverages,41.03 GHS,2.0,4.103,,2/5/2019,Credit card,82.06,4.761904762,4.103,8.6
568-14-5807,B,Mandalay,Member,Female,Sports and travel,53.07 GHS,3.0,7.9605,,3/25/2019,Cash,159.21,4.761904762,7.9605,8.9
137-92-4131,A,Yangon,Member,Male,Food and beverages,38.4 GHS,5.0,9.6,201.6,2/9/2019,Credit card,192.0,4.761904762,9.6,
550-59-6554,B,Mandalay,normal,,Sports and travel,39.87 GHS,2.0,3.987,83.73,"February 24, 2019",Ewallet,79.74,4.761904762,3.987,8.8
180-65-3956,A,Yangon,Normal,Female,Fashion accessories,93.19 GHS,9.0,41.9355,880.65,3/14/2019,Cash,838.71,4.761904762,41.9355,5.6
270-98-8272,C,Naypyitaw,Normal,Female,Food and beverages,17.21 GHS,5.0,4.3025,90.35,3/14/2019,Credit card,86.05,4.761904762,4.3025,5.8
910-17-2229,B,Mandalay,Normal,,Sports and travel,88.3 GHS,6.0,26.49,556.29,"February 21, 2019",Ewallet,529.8,4.761904762,26.49,7.7
900-66-1570,C,Naypyitaw,Normal,Female,Home and lifestyle,82.1 GHS,-3.0,12.315,258.62,3/22/2019,Cash,246.3,4.761904762,12.315,
795-67-7077,A,Yangon,Member,Male,Sports and travel,42.97 GHS,7.0,15.0395,315.83,3/5/2019,Cash,300.79,4.761904762,15.0395,9.7
216-13-4048,B,Mandalay,Normal,Male,Home and lifestyle,22.39 GHS,6.0,6.717,141.06,2/8/2019,Credit card,134.34,4.761904762,6.717,6.4
602-35-3009,B,Mandalay,Normal,,Fashion accessories,79.75 GHS,8.0,31.9,669.9,2/23/2019,Credit card,638.0,4.761904762,31.9,5.3
455-18-9882,A,Yangon,Member,,Electronic accessories,90.88 GHS,8.0,36.352,763.39,2/22/2019,Credit card,727.04,4.761904762,36.352,10.0
305-27-4878,B,Mandalay,Normal,Male,Sports and travel,73.86 GHS,3.0,11.079,232.66,1/4/2019,Credit card,221.58,4.761904762,11.079,8.8
188-18-6067,B,Mandalay,Member,Female,Home and lifestyle,61.5 GHS,8.0,24.6,516.6,1/20/2019,Credit card,492.0,4.761904762,24.6,8.8
560-69-9476,B,Mandalay,Normal,Female,Health and beauty,84.1 GHS,2.0,8.41,176.61,3/3/2019,Ewallet,168.2,4.761904762,8.41,4.8
268-30-6286,B,Mandalay,Member,Male,Electronic accessories,48.94 GHS,1.0,2.447,51.39,1/10/2019,Credit card,48.94,4.761904762,2.447,9.0
228-90-5961,C,Naypyitaw,Member,Female,Home and lifestyle,90.54 GHS,2.0,9.054,190.13,3/9/2019,Credit card,181.08,4.761904762,9.054,5.5
445-82-1674,C,Naypyitaw,Member,Male,Home and lifestyle,94.74 GHS,3.0,14.211,298.43,3/20/2019,Credit card,284.22,4.761904762,14.211,5.0
754-13-9159,A,Yangon,Member,Male,Sports and travel,79.39 GHS,5.0,19.8475,416.8,2/20/2019,Credit card,396.95,4.761904762,19.8475,7.9
261-66-7809,C,Naypyitaw,,Female,Health and beauty,32.04 GHS,7.0,11.214,235.49,3/2/2019,Cash,224.28,4.761904762,11.214,5.8
453-61-3142,B,Mandalay,,Male,Fashion accessories,64.6 GHS,6.0,19.38,406.98,"March 28, 2019",Ewallet,387.6,4.761904762,19.38,9.2
397-59-7850,B,Mandalay,Member,Female,Electronic accessories,51.98 GHS,5.0,12.995,272.89,1/2/2019,Cash,259.9,4.761904762,12.995,6.7
610-49-9148,A,Yangon,Member,Female,Home and lifestyle,74.9 GHS,4.0,14.98,314.58,3/15/2019,Ewallet,299.6,4.761904762,14.98,8.6
388-73-8710,A,Yangon,,Female,Home and lifestyle,51.15 GHS,4.0,10.23,214.83,1/2/2019,Ewallet,204.6,4.761904762,10.23,5.3
510-16-4189,B,Mandalay,Member,Male,Health and beauty,22.05 GHS,5.0,5.5125,115.76,2/2/2019,Ewallet,110.25,4.761904762,5.5125,8.4
221-26-2584,B,Mandalay,,Male,Health and beauty,55.38 GHS,9.0,24.921,523.34,3/20/2019,Credit card,498.42,4.761904762,24.921,5.7
141-15-1637,B,Mandalay,Normal,Female,Home and lifestyle,94.51 GHS,3.0,14.1765,,2/17/2019,Credit card,283.53,4.761904762,14.1765,5.2
426-30-7438,A,Yangon,Normal,FEMALE,Home and lifestyle,51.13 GHS,10.0,25.565,536.87,2/20/2019,Cash,511.3,4.761904762,25.565,9.4
935-12-7035,,Naypyitaw,normal,Female,Home and lifestyle,84.55 GHS,9.0,38.0475,799.0,2/16/2019,Credit card,760.95,4.761904762,38.0475,6.9
894-84-4728,B,Mandalay,member,Female,Home and lifestyle,37.69 GHS,1.0,1.8845,39.57,3/26/2019,Ewallet,37.69,4.761904762,1.8845,
797-41-1517,C,Naypyitaw,Member,Female,Electronic accessories,57.18 GHS,10.0,28.59,600.39,"January 27, 2019",Ewallet,571.8,4.761904762,28.59,8.6
613-88-8726,C,Naypyitaw,Member,Male,Food and beverages,49.69 GHS,7.0,17.3915,365.22,1/14/2019,Credit card,347.83,4.761904762,17.3915,4.9
421-32-8531,C,Naypyitaw,,Male,Home and lifestyle,28.66 GHS,6.0,8.598,180.56,3/13/2019,Ewallet,171.96,4.761904762,8.598,10.0
671-48-4684,C,Naypyitaw,Normal,Female,Sports and travel,79.48 GHS,5.0,19.87,,1/9/2019,Cash,397.4,4.761904762,19.87,7.7
394-25-9899,B,Mandalay,Normal,Male,Sports and travel,73.45 GHS,6.0,22.035,462.74,"March 9, 2019",Credit card,440.7,4.761904762,22.035,6.9
771-42-8849,B,Mandalay,Normal,Female,Electronic accessories,36.14 GHS,5.0,9.035,189.73,2/15/2019,Cash,180.7,4.761904762,9.035,9.7
348-16-9700,A,Yangon,Member,Female,Home and lifestyle,72.66 GHS,3.0,10.899,228.88,3/8/2019,Credit card,217.98,4.761904762,10.899,4.7
261-62-8793,A,Yangon,member,Male,Food and beverages,47.2 GHS,8.0,18.88,396.48,1/18/2019,Cash,377.6,4.761904762,18.88,
337-78-1611,B,Mandalay,Member,Female,Fashion accessories,35.69 GHS,1.0,1.7845,37.47,"March 19, 2019",Cash,35.69,4.761904762,1.7845,9.4
396-14-1151,A,Yangon,Normal,MALE,Food and beverages,99.75 GHS,7.0,34.9125,733.16,3/28/2019,Cash,698.25,4.761904762,34.9125,8.7
379-34-2845,B,Mandalay,Member,Female,Fashion accessories,50.89 GHS,9.0,22.9005,480.91,"March 15, 2019",Cash,458.01,4.761904762,22.9005,7.1
790-34-3875,B,Mandalay,Member,FEMALE,Sports and travel,33.15 GHS,3.0,4.9725,104.42,2/19/2019,Ewallet,99.45,4.761904762,4.9725,4.1
431-41-1111,C,Naypyitaw,Normal,Female,Home and lifestyle,39.51 GHS,7.0,13.8285,290.4,1/16/2019,Cash,276.57,4.761904762,13.8285,8.0
367-93-6890,B,Mandalay,,Male,Health and beauty,77.84 GHS,6.0,23.352,490.39,3/1/2019,Credit card,467.04,4.761904762,23.352,5.8
888-49-2923,C,Naypyitaw,Member,Male,Sports and travel,20.64 GHS,5.0,5.16,108.36,3/23/2019,Credit card,103.2,4.761904762,5.16,5.0
482-63-9998,C,Naypyitaw,Normal,Female,Home and lifestyle,29.88 GHS,3.0,4.482,94.12,3/20/2019,Ewallet,89.64,4.761904762,4.482,6.9
179-82-2838,,Mandalay,Member,Male,Sports and travel,77.93 GHS,2.0,7.793,,"March 12, 2019",Credit card,155.86,4.761904762,7.793,7.2
697-72-2489,A,Yangon,Member,Male,Electronic accessories,39.53 GHS,9.0,17.7885,373.56,1/23/2019,Credit card,355.77,4.761904762,17.7885,6.7
788-49-1356,C,Naypyitaw,Normal,Male,Health and beauty,21.87 GHS,7.0,7.6545,160.74,3/15/2019,Cash,153.09,4.761904762,7.6545,6.7
654-17-2130,B,Mandalay,Normal,Male,Sports and travel,29.61 GHS,2.0,2.961,,3/3/2019,Ewallet,59.22,4.761904762,2.961,4.3
483-58-8348,B,Mandalay,Member,Female,Health and beauty,26.2 GHS,3.0,3.93,82.53,3/14/2019,Credit card,78.6,4.761904762,3.93,8.6
650-60-9664,B,Mandalay,Normal,,Sports and travel,96.77 GHS,9.0,43.5465,,1/6/2019,Ewallet,870.93,4.761904762,43.5465,4.8
488-39-5055,A,Yangon,Member,Male,Food and beverages,98.06 GHS,8.0,39.224,823.7,"February 18, 2019",Credit card,784.48,4.761904762,39.224,8.0
884-12-4943,B,Mandalay,Normal,Male,Fashion accessories,26.96 GHS,2.0,2.696,56.62,2/20/2019,Credit card,53.92,4.761904762,2.696,4.2
145-61-8191,A,Yangon,Member,Male,Home and lifestyle,13.02 GHS,10.0,6.51,136.71,1/24/2019,Cash,130.2,4.761904762,6.51,8.0
691-86-6253,A,Yangon,Member,Male,Electronic accessories,55.35 GHS,5.0,13.8375,290.59,3/11/2019,Credit card,276.75,4.761904762,13.8375,5.4
852-32-7999,,Yangon,normal,Male,Sports and travel,56.91 GHS,7.0,19.9185,418.29,3/19/2019,Cash,398.37,4.761904762,19.9185,5.8
518-29-5913,C,Naypyitaw,Normal,Male,Fashion accessories,94.74 GHS,7.0,33.159,,3/14/2019,Ewallet,663.18,4.761904762,33.159,
675-62-7824,B,Mandalay,Member,Female,Electronic accessories,86.44 GHS,5.0,21.61,453.81,"February 2, 2019",Cash,432.2,4.761904762,21.61,9.1
648-34-1844,C,Naypyitaw,Member,Female,Electronic accessories,32.95 GHS,6.0,9.885,207.59,2/3/2019,Ewallet,197.7,4.761904762,9.885,7.9
313-52-5967,,Mandalay,Normal,Male,Food and beverages,26.93 GHS,10.0,13.465,282.76,1/16/2019,Credit card,269.3,4.761904762,13.465,8.3
309-60-4921,A,Yangon,Member,Male,Sports and travel,20.56 GHS,8.0,8.224,172.7,3/23/2019,Credit card,164.48,4.761904762,8.224,9.5
695-57-8753,C,Naypyitaw,Normal,FEMALE,Food and beverages,18.37 GHS,4.0,3.674,77.15,2/22/2019,Cash,73.48,4.761904762,3.674,
744-83-4185,A,Yangon,Member,Male,Food and beverages,14.16 GHS,8.0,5.664,118.94,2/14/2019,Cash,113.28,4.761904762,5.664,7.7
846-50-8149,B,Mandalay,Member,Male,Fashion accessories,26.07 GHS,5.0,6.5175,136.87,2/12/2019,Credit card,130.35,4.761904762,6.5175,4.2
643-47-8433,B,Mandalay,Member,Male,Electronic accessories,34.75 GHS,10.0,17.375,364.88,2/20/2019,Ewallet,347.5,4.761904762,17.375,7.3
179-82-2838,,Mandalay,Member,Male,Sports and travel,77.93 GHS,2.0,7.793,,"March 12, 2019",Credit card,155.86,4.761904762,7.793,7.2
